{"stats":{"minecraft:used":{"minecraft:creeper_spawn_egg":1,"minecraft:waxed_copper_block":180,"minecraft:oak_fence":24,"minecraft:glass":23,"minecraft:water_bucket":4,"minecraft:diamond_block":208,"minecraft:iron_bars":37,"minecraft:cobblestone":66,"minecraft:iron_block":55,"minecraft:oak_planks":13,"minecraft:lapis_block":1,"minecraft:quartz_block":15,"minecraft:gold_block":61,"minecraft:stone":90,"minecraft:pink_wool":31},"minecraft:custom":{"minecraft:time_since_rest":45839,"minecraft:crouch_one_cm":563,"minecraft:sprint_one_cm":7182,"minecraft:play_time":45839,"minecraft:walk_one_cm":9747,"minecraft:sneak_time":2378,"minecraft:jump":65,"minecraft:damage_dealt":10,"minecraft:leave_game":3,"minecraft:walk_on_water_one_cm":24,"minecraft:time_since_death":45839,"minecraft:total_world_time":98400,"minecraft:fly_one_cm":611425}},"DataVersion":3337}